KOD;CENA;POPIS;PLATNOST_OD;PLATNOST_DO
   -1;;;01.01.1993;22.01.2003
   -2;;;01.01.1993;22.01.2003
   99;;;01.01.1993;09.10.2000
00000;;;30.01.1999;22.01.2003
00003;;;01.01.1993;22.01.2003
00007;;;01.01.1993;22.01.2003
00009;;;01.01.1993;22.01.2003
00023;;;01.01.1993;22.01.2003
00026;;;01.01.1993;22.01.2003
00029;;;01.01.1993;22.01.2003
00034;;;01.01.1993;22.01.2003
00035;;;01.01.1993;22.01.2003
00099;;;01.01.1993;22.01.2003
00100;16.77;;24.09.1998;
00110;14.94;;24.09.1998;
00112;12.88;;24.09.1998;
00300;18.1;;24.09.1998;
00401;7.32;;24.09.1998;
00411;6.44;;01.01.1993;
00501;9.18;;24.09.1998;
00511;7.5;;24.09.1998;
00600;12.79;;24.09.1998;
00602;11.38;;24.09.1998;
00610;11.73;;24.09.1998;
00612;9.68;;24.09.1998;
00640;8.9;;01.01.1993;
00650;9.83;;24.09.1998;
00700;14.1;;24.09.1998;
00710;12.55;;24.09.1998;
00740;9.46;;01.01.1993;
00750;10.37;;24.09.1998;
00800;13.59;;24.09.1998;
00810;11.8;;24.09.1998;
00840;8.42;;24.09.1998;
00850;10.08;;24.09.1998;
00999;;;01.01.1993;28.06.2002
01811;8.61;;24.09.1998;
01901;10.92;;24.09.1998;
01904;7.4;;01.01.1993;
01911;9.95;;24.09.1998;
01914;6.5;;24.09.1998;
01941;6.96;;24.09.1998;
01944;3.99;;01.01.1993;
01951;8.47;;24.09.1998;
01954;5.06;;24.09.1998;
02001;8.17;;24.09.1998;
02004;5.76;;24.09.1998;
02011;7.34;;24.09.1998;
02014;4.74;;24.09.1998;
02041;5.47;;24.09.1998;
02044;2.86;;24.09.1998;
02051;6.26;;24.09.1998;
02054;3.65;;24.09.1998;
02110;5.41;;24.09.1998;
02112;4.73;;24.09.1998;
02113;4.26;;24.09.1998;
02142;3.25;;24.09.1998;
02143;2.68;;01.01.1993;
02152;3.95;;24.09.1998;
02153;3.48;;24.09.1998;
02210;6.53;;24.09.1998;
02212;5.82;;24.09.1998;
02213;5.14;;24.09.1998;
02242;4.1;;24.09.1998;
02243;3.71;;01.01.1993;
02252;4.73;;24.09.1998;
02253;4.34;;24.09.1998;
02310;6.16;;24.09.1998;
02312;5.3;;24.09.1998;
02313;4.98;;24.09.1998;
02411;7.65;;24.09.1998;
02414;4.1;;24.09.1998;
02441;4.69;;24.09.1998;
02444;2.28;;01.01.1993;
02451;5.91;;24.09.1998;
02454;2.83;;01.01.1993;
02901;8.18;;24.09.1998;
02904;5.06;;24.09.1998;
02911;7.11;;24.09.1998;
02914;4;;24.09.1998;
02941;4.39;;24.09.1998;
02944;2.19;;01.01.1993;
02951;5.25;;01.01.1993;
02954;2.62;;24.09.1998;
03201;6.46;;24.09.1998;
03204;3.1;;24.09.1998;
03221;4.55;;24.09.1998;
03224;2.28;;24.09.1998;
03231;5.33;;24.09.1998;
03234;2.44;;24.09.1998;
03241;2.82;;01.01.1993;
03244;1.66;;01.01.1993;
03251;3.75;;01.01.1993;
03254;1.96;;24.09.1998;
03715;1.89;;24.09.1998;
03716;1.56;;24.09.1998;
03745;1.41;;01.01.1993;
03746;1.2;;01.01.1993;
03755;1.65;;24.09.1998;
03756;1.32;;24.09.1998;
03815;2.02;;28.06.2002;
03816;1.67;;28.06.2002;
03845;1.51;;28.06.2002;
03846;1.25;;28.06.2002;
03855;1.76;;28.06.2002;
03856;1.4;;28.06.2002;
03909;1.18;;01.01.1993;
03919;1.18;;01.01.1993;
03929;1.17;;24.09.1998;
03939;1.18;;24.09.1998;
03949;1.17;;24.09.1998;
03959;1.02;;01.01.1993;30.01.2014
03969;1.16;;24.09.1998;
04067;1.17;;24.09.1998;
04068;1.17;;24.09.1998;
04077;1.18;;24.09.1998;
04078;1.17;;24.09.1998;
04089;1.16;;24.09.1998;
04099;1.17;;24.09.1998;
04167;1.17;;24.09.1998;
04168;1.17;;24.09.1998;
04177;1.18;;24.09.1998;
04178;1.17;;24.09.1998;
04189;1.16;;24.09.1998;
04199;1.17;;24.09.1998;
05500;8.4;;24.09.1998;
05600;14.95;;24.09.1998;
05700;13.82;;24.09.1998;
05800;12.29;;24.09.1998;
05900;9.73;;24.09.1998;
06000;17.37;;24.09.1998;
06100;15.06;;24.09.1998;
06200;13.73;;24.09.1998;
06300;4.75;;24.09.1998;
06401;5.66;;24.09.1998;
06411;5.07;;28.06.2002;
06501;2.78;;24.09.1998;
06511;2.68;;28.06.2002;
06601;1.48;;28.06.2002;
06701;1.48;;24.09.1998;
06811;1.47;;01.01.1993;
06841;1.4;;28.06.2002;
06901;1.76;;24.09.1998;
07001;4.99;;24.09.1998;
07101;4.13;;01.01.1993;
07201;1.79;;24.09.1998;
07311;1.3;;28.06.2002;
07313;1.28;;28.06.2002;
07341;1.26;;28.06.2002;
07343;1.25;;28.06.2002;
07411;1.3;;28.06.2002;
07413;1.28;;28.06.2002;
07441;1.26;;28.06.2002;
07443;1.25;;28.06.2002;
07541;1.4;;28.06.2002;
07543;1.39;;28.06.2002;
07641;1.4;;28.06.2002;
07643;1.39;;28.06.2002;
07769;1.16;;24.09.1998;
07789;1.15;;01.01.1993;
07869;1.16;;01.01.1993;
07889;1.15;;24.09.1998;
10100;14.57;;24.09.1998;
10110;13.46;;24.09.1998;
10112;11.03;;24.09.1998;
10300;15.07;;24.09.1998;
10401;6.03;;24.09.1998;
10411;5.17;;01.01.1993;
10501;7.82;;24.09.1998;
10511;6.11;;24.09.1998;
10600;11.6;;24.09.1998;
10602;9.73;;24.09.1998;
10610;9.93;;24.09.1998;
10612;8.29;;24.09.1998;
10640;7.93;;01.01.1993;
10650;8.47;;01.01.1993;
10700;10.21;;24.09.1998;
10710;8.99;;24.09.1998;
10740;6.85;;24.09.1998;
10750;7.3;;24.09.1998;
10800;11.26;;24.09.1998;
10810;9.68;;24.09.1998;
10840;7.3;;24.09.1998;
10850;7.85;;24.09.1998;
11000;14.73;;24.09.1998;
11010;13.42;;24.09.1998;
11100;12.69;;28.06.2002;
11110;11.09;;01.01.1993;
11112;9.43;;01.01.1993;
11300;10.94;;24.09.1998;
11310;9.76;;01.01.1993;
11313;6.88;;24.09.1998;
11400;12.87;;24.09.1998;
11410;11.99;;01.01.1993;
11440;9.75;;01.01.1993;
11450;10.31;;01.01.1993;
11811;8.13;;01.01.1993;
11814;5.49;;01.01.1993;
11841;6.57;;01.01.1993;
11844;3.91;;01.01.1993;
11851;7.11;;01.01.1993;
11854;4.22;;01.01.1993;
11901;9.85;;24.09.1998;
11904;6.39;;24.09.1998;
11911;8.79;;24.09.1998;
11914;5.22;;24.09.1998;
11941;6.29;;24.09.1998;
11944;3.3;;24.09.1998;
11951;6.94;;24.09.1998;
11954;3.83;;24.09.1998;
12001;7.12;;24.09.1998;
12004;4.49;;24.09.1998;
12011;6.14;;24.09.1998;
12014;3.43;;24.09.1998;
12041;4.57;;24.09.1998;
12044;2.4;;24.09.1998;
12051;5.13;;24.09.1998;
12054;2.63;;24.09.1998;
12110;4.03;;24.09.1998;
12112;3.2;;24.09.1998;
12113;2.76;;24.09.1998;
12142;2.39;;24.09.1998;
12143;2.21;;24.09.1998;
12152;2.64;;24.09.1998;
12153;2.36;;24.09.1998;
12210;4.97;;24.09.1998;
12212;3.88;;24.09.1998;
12213;3.44;;24.09.1998;
12242;2.78;;24.09.1998;
12243;2.55;;24.09.1998;
12252;3.14;;24.09.1998;
12253;2.72;;24.09.1998;
12310;5.05;;24.09.1998;
12312;4.07;;24.09.1998;
12313;3.68;;24.09.1998;
12501;9.56;;24.09.1998;
12504;6.09;;24.09.1998;
12511;7.89;;24.09.1998;
12514;5.02;;24.09.1998;
12541;6.24;;01.01.1993;
12544;3.38;;01.01.1993;
12551;6.74;;01.01.1993;
12554;3.68;;24.09.1998;
12601;7.55;;24.09.1998;
12604;4.49;;24.09.1998;
12611;6.42;;24.09.1998;
12614;3.44;;24.09.1998;
12641;4.66;;24.09.1998;
12644;2.31;;24.09.1998;
12651;5.2;;24.09.1998;
12654;2.52;;24.09.1998;
12801;9;;24.09.1998;
12804;5.56;;24.09.1998;
12811;7.38;;24.09.1998;
12814;4.54;;24.09.1998;
12841;5.52;;24.09.1998;
12844;2.74;;24.09.1998;
12851;6.09;;24.09.1998;
12854;3.13;;24.09.1998;
12901;7.55;;24.09.1998;
12904;4.57;;01.01.1993;
12911;6.56;;24.09.1998;
12914;3.58;;24.09.1998;
12941;4.71;;24.09.1998;
12944;2.35;;01.01.1993;
12951;5.23;;24.09.1998;
12954;2.56;;24.09.1998;
13001;8.43;;24.09.1998;
13004;5.35;;24.09.1998;
13011;7.24;;24.09.1998;
13014;4.52;;24.09.1998;
13041;5.46;;24.09.1998;
13044;2.71;;24.09.1998;
13051;6.1;;24.09.1998;
13054;2.89;;24.09.1998;
13101;5.43;;24.09.1998;
13104;3.81;;24.09.1998;
13111;4.82;;24.09.1998;
13114;3.14;;24.09.1998;
13121;4.65;;01.01.1993;
13124;2.88;;01.01.1993;
13131;4.2;;01.01.1993;30.01.2014
13134;3.14;;01.01.1993;
13141;3.69;;24.09.1998;
13144;2.29;;24.09.1998;
13151;3.87;;24.09.1998;
13154;2.54;;24.09.1998;
13201;4.61;;01.01.1993;
13204;2.87;;01.01.1993;
13221;3.66;;24.09.1998;
13224;2.48;;24.09.1998;
13231;3.93;;24.09.1998;
13234;2.55;;24.09.1998;
13241;2.82;;01.01.1993;
13244;1.96;;01.01.1993;
13251;3.03;;01.01.1993;
13254;2.09;;01.01.1993;
13301;8.53;;24.09.1998;
13304;5.41;;01.01.1993;
13311;7.13;;24.09.1998;
13314;4.27;;01.01.1993;
13341;5.4;;24.09.1998;
13344;3.05;;01.01.1993;
13351;5.78;;24.09.1998;
13354;3.25;;24.09.1998;
13715;1.76;;24.09.1998;
13716;1.35;;24.09.1998;
13745;1.38;;24.09.1998;
13746;1.2;;24.09.1998;
13755;1.51;;24.09.1998;
13756;1.25;;24.09.1998;
13815;1.85;;28.06.2002;
13816;1.5;;24.09.1998;
13845;1.53;;28.06.2002;
13846;1.23;;28.06.2002;
13855;1.58;;28.06.2002;
13856;1.31;;28.06.2002;
13909;1.18;;01.01.1993;
13919;1.17;;24.09.1998;
13929;1.17;;24.09.1998;
13939;1.17;;24.09.1998;
13949;1.17;;24.09.1998;
13959;1.17;;24.09.1998;
13969;1.16;;01.01.1993;
14067;1.18;;24.09.1998;
14068;1.17;;24.09.1998;
14077;1.18;;24.09.1998;
14078;1.17;;24.09.1998;
14089;1.16;;24.09.1998;
14099;1.17;;24.09.1998;
14167;1.18;;24.09.1998;
14168;1.17;;24.09.1998;
14177;1.18;;24.09.1998;
14178;1.17;;24.09.1998;
14189;1.16;;24.09.1998;
14199;1.17;;24.09.1998;
15001;7.23;;01.01.1993;
15004;4.52;;01.01.1993;
15011;6.24;;24.09.1998;
15014;3.46;;01.01.1993;
15041;4.59;;01.01.1993;
15044;2.64;;01.01.1993;
15051;5.13;;01.01.1993;
15054;2.82;;01.01.1993;
15111;4.86;;24.09.1998;
15113;3.4;;24.09.1998;
15411;4.13;;24.09.1998;
15441;2.71;;01.01.1993;
15451;2.94;;24.09.1998;
15500;7.51;;24.09.1998;
15600;13.11;;24.09.1998;
15700;11;;24.09.1998;
15800;10.05;;24.09.1998;
15900;7.81;;24.09.1998;
16000;15.05;;24.09.1998;
16100;13.87;;24.09.1998;
16200;10.39;;24.09.1998;
16300;4.74;;24.09.1998;
16401;4.89;;24.09.1998;
16411;4.47;;24.09.1998;
16501;2.66;;01.01.1993;
16511;2.57;;28.06.2002;
16601;2.95;;01.01.1993;
16701;1.45;;24.09.1998;
16811;1.43;;24.09.1998;
16841;1.39;;24.09.1998;
16901;1.7;;24.09.1998;
17001;4.16;;24.09.1998;
17101;3.29;;24.09.1998;
17201;1.74;;24.09.1998;
17311;1.28;;28.06.2002;
17313;1.26;;28.06.2002;
17341;1.25;;28.06.2002;
17343;1.25;;28.06.2002;
17411;1.28;;28.06.2002;
17413;1.26;;28.06.2002;
17441;1.25;;28.06.2002;
17443;1.25;;28.06.2002;
17541;1.39;;24.09.1998;
17543;1.38;;28.06.2002;
17641;1.39;;24.09.1998;
17643;1.38;;28.06.2002;
17769;1.16;;24.09.1998;
17789;1.15;;01.01.1993;
17869;1.16;;01.01.1993;
17889;1.15;;01.01.1993;
20100;17.22;;24.09.1998;
20110;15.43;;24.09.1998;
20112;13.67;;24.09.1998;
20200;17.15;;24.09.1998;
20210;15.51;;24.09.1998;
20212;13.85;;24.09.1998;
20300;17.91;;24.09.1998;
20401;7.91;;24.09.1998;
20411;6.2;;01.01.1993;30.01.2014
20501;10.09;;24.09.1998;
20511;8.73;;24.09.1998;
20600;13.77;;24.09.1998;
20602;12.07;;24.09.1998;
20610;12.35;;24.09.1998;
20612;10.43;;24.09.1998;
20640;10.17;;01.01.1993;
20650;11.05;;01.01.1993;
20700;12.98;;24.09.1998;
20710;12;;24.09.1998;
20740;9.65;;01.01.1993;
20750;10.21;;01.01.1993;
20800;13.26;;24.09.1998;
20810;11.78;;24.09.1998;
20840;9.44;;24.09.1998;
20850;10.09;;24.09.1998;
20900;17.26;;24.09.1998;
20910;15.59;;28.06.2002;
21000;15.82;;24.09.1998;
21010;14.64;;24.09.1998;
21100;14.87;;24.09.1998;
21110;13.65;;24.09.1998;
21200;14.48;;24.09.1998;
21210;13.01;;24.09.1998;
21212;11.14;;24.09.1998;
21213;10.35;;24.09.1998;
21300;12.17;;24.09.1998;
21310;10.9;;24.09.1998;
21313;7.82;;24.09.1998;
21400;14.37;;24.09.1998;
21410;12.88;;24.09.1998;
21440;10.68;;01.01.1993;
21450;11.16;;01.01.1993;
21500;13.95;;24.09.1998;
21510;12.34;;24.09.1998;
21512;10.54;;24.09.1998;
21513;9.49;;01.01.1993;
21540;10.11;;01.01.1993;
21542;8.56;;01.01.1993;
21543;7.28;;01.01.1993;
21550;10.56;;01.01.1993;
21552;9.23;;01.01.1993;
21553;8.21;;01.01.1993;
21602;8.02;;24.09.1998;
21700;6.86;;24.09.1998;
21710;5.38;;01.01.1993;30.01.2014
21720;6;;28.06.2002;
21730;6.17;;24.09.1998;
21811;8.34;;24.09.1998;
21814;5.61;;24.09.1998;
21841;6.74;;01.01.1993;
21844;3.85;;24.09.1998;
21851;7.12;;01.01.1993;
21854;4.54;;24.09.1998;
21901;11.32;;24.09.1998;
21904;7.4;;24.09.1998;
21911;9.82;;24.09.1998;
21914;6.46;;24.09.1998;
21941;8.1;;24.09.1998;
21944;4.69;;24.09.1998;
21951;8.44;;24.09.1998;
21954;5.06;;24.09.1998;
22001;8.01;;24.09.1998;
22004;5.68;;24.09.1998;
22011;7.26;;24.09.1998;
22014;4.89;;24.09.1998;
22041;5.77;;24.09.1998;
22044;3.35;;24.09.1998;
22051;6.1;;24.09.1998;
22054;3.65;;24.09.1998;
22110;4.81;;24.09.1998;
22112;3.93;;24.09.1998;
22113;3.41;;24.09.1998;
22142;2.82;;24.09.1998;
22143;2.56;;24.09.1998;
22152;2.98;;24.09.1998;
22153;2.73;;24.09.1998;
22210;5.53;;24.09.1998;
22212;4.47;;24.09.1998;
22213;4.18;;24.09.1998;
22242;3.51;;24.09.1998;
22243;3.03;;24.09.1998;
22252;3.79;;24.09.1998;
22253;3.41;;24.09.1998;
22310;5.76;;24.09.1998;
22312;4.99;;24.09.1998;
22313;4.51;;24.09.1998;
22501;10.89;;24.09.1998;
22504;7.28;;24.09.1998;
22511;9.75;;24.09.1998;
22514;6.29;;24.09.1998;
22541;7.34;;24.09.1998;
22544;4.2;;24.09.1998;
22551;8.34;;24.09.1998;
22554;4.92;;24.09.1998;
22601;9.07;;24.09.1998;
22604;5.91;;24.09.1998;
22611;7.69;;24.09.1998;
22614;4.9;;24.09.1998;
22641;6.03;;24.09.1998;
22644;3.14;;24.09.1998;
22651;6.47;;24.09.1998;
22654;3.51;;24.09.1998;
22801;11.33;;24.09.1998;
22804;7.94;;24.09.1998;
22811;9.85;;24.09.1998;
22814;6.4;;24.09.1998;
22841;8.03;;24.09.1998;
22844;4.78;;24.09.1998;
22851;8.3;;24.09.1998;
22854;5.3;;24.09.1998;
22901;9.58;;24.09.1998;
22904;6.4;;24.09.1998;
22911;8.18;;24.09.1998;
22914;5.4;;24.09.1998;
22941;6.52;;24.09.1998;
22944;3.71;;24.09.1998;
22951;6.97;;24.09.1998;
22954;4.12;;24.09.1998;
23001;9.98;;24.09.1998;
23004;6.95;;24.09.1998;
23011;8.72;;24.09.1998;
23014;5.77;;24.09.1998;
23041;7.05;;24.09.1998;
23044;4.12;;24.09.1998;
23051;7.34;;24.09.1998;
23054;4.78;;24.09.1998;
23101;6.78;;24.09.1998;
23104;5.04;;24.09.1998;
23111;6.05;;24.09.1998;
23114;4.21;;24.09.1998;
23121;5.12;;01.01.1993;30.01.2014
23124;3.63;;01.01.1993;30.01.2014
23131;5.27;;01.01.1993;30.01.2014
23134;3.67;;01.01.1993;30.01.2014
23141;4.97;;24.09.1998;
23144;3.27;;24.09.1998;
23151;5.31;;24.09.1998;
23154;3.58;;24.09.1998;
23201;5.94;;24.09.1998;
23204;4.3;;24.09.1998;
23221;5.12;;24.09.1998;
23224;3.61;;24.09.1998;
23231;5.4;;24.09.1998;
23234;3.71;;24.09.1998;
23241;4.22;;24.09.1998;
23244;2.72;;24.09.1998;
23251;4.43;;24.09.1998;
23254;2.99;;24.09.1998;
23301;10.45;;24.09.1998;
23304;6.45;;24.09.1998;
23311;9.03;;24.09.1998;
23314;5.36;;24.09.1998;
23341;7.09;;24.09.1998;
23344;3.54;;24.09.1998;
23351;7.5;;24.09.1998;
23354;3.87;;24.09.1998;
23715;2.08;;24.09.1998;
23716;1.59;;24.09.1998;
23745;1.74;;24.09.1998;
23746;1.35;;24.09.1998;
23755;1.79;;24.09.1998;
23756;1.49;;24.09.1998;
23815;2.21;;28.06.2002;
23816;1.82;;24.09.1998;
23845;1.86;;28.06.2002;
23846;1.53;;28.06.2002;
23855;2.03;;28.06.2002;
23856;1.58;;28.06.2002;
23909;1.22;;01.01.1993;
23919;1.2;;24.09.1998;
23929;1.2;;24.09.1998;
23939;1.2;;24.09.1998;
23949;1.18;;24.09.1998;
23959;1.2;;24.09.1998;
23969;1.02;;01.01.1993;30.01.2014
24067;1.26;;24.09.1998;
24068;1.25;;24.09.1998;
24077;1.28;;24.09.1998;
24078;1.26;;24.09.1998;
24089;1.22;;24.09.1998;
24099;1.24;;24.09.1998;
24167;1.26;;24.09.1998;
24168;1.25;;24.09.1998;
24177;1.28;;24.09.1998;
24178;1.26;;24.09.1998;
24189;1.22;;24.09.1998;
24199;1.24;;24.09.1998;
24200;12.89;;24.09.1998;
24210;11.25;;01.01.1993;
24600;10.83;;24.09.1998;
24602;9.12;;01.01.1993;
24610;9.38;;01.01.1993;
24612;7.81;;01.01.1993;
24613;6.42;;01.01.1993;
24700;7.65;;28.06.2002;
24702;6.3;;24.09.1998;
24710;6.78;;28.06.2002;
24712;5.47;;28.06.2002;
24713;4.24;;28.06.2002;
24742;3.81;;28.06.2002;
24743;3.14;;28.06.2002;
24752;4.39;;28.06.2002;
24753;3.61;;28.06.2002;
24811;7.78;;24.09.1998;
24814;4.94;;24.09.1998;
24841;6.11;;28.06.2002;
24844;3.25;;28.06.2002;
24851;6.61;;28.06.2002;
24854;3.6;;28.06.2002;
25001;7.7;;24.09.1998;
25004;4.75;;01.01.1993;
25011;6.61;;24.09.1998;
25014;3.75;;24.09.1998;
25041;4.83;;24.09.1998;
25044;2.47;;01.01.1993;
25051;5.38;;24.09.1998;
25054;2.71;;01.01.1993;
25111;5.78;;24.09.1998;
25113;4.21;;24.09.1998;
25141;4.24;;28.06.2002;
25151;4.53;;28.06.2002;
25201;6.86;;24.09.1998;
25211;6;;24.09.1998;
25241;4.43;;24.09.1998;
25251;4.7;;01.01.1993;
25301;6.57;;24.09.1998;
25303;5.05;;01.01.1993;
25311;5.76;;24.09.1998;
25313;4.13;;01.01.1993;
25341;4.12;;28.06.2002;
25351;4.77;;28.06.2002;
25411;4.91;;24.09.1998;
25441;3.5;;01.01.1993;
25451;3.9;;24.09.1998;
25500;9.15;;24.09.1998;
25600;14.02;;24.09.1998;
25700;11.53;;24.09.1998;
25800;10.39;;24.09.1998;
25900;8.51;;24.09.1998;
26000;17.03;;24.09.1998;
26100;14.63;;24.09.1998;
26200;10.21;;24.09.1998;
26300;4.98;;24.09.1998;
26401;5.67;;24.09.1998;
26411;5.08;;28.06.2002;
26501;3.33;;24.09.1998;
26511;3.12;;28.06.2002;
26601;1.45;;24.09.1998;
26701;1.45;;24.09.1998;
26811;1.43;;24.09.1998;
26841;1.39;;24.09.1998;
26901;1.69;;24.09.1998;
27001;4.11;;24.09.1998;
27101;3.27;;24.09.1998;
27201;1.74;;24.09.1998;
27311;1.43;;24.09.1998;
27313;1.41;;24.09.1998;
27341;1.39;;28.06.2002;
27343;1.35;;28.06.2002;
27411;1.43;;28.06.2002;
27413;1.41;;28.06.2002;
27441;1.39;;28.06.2002;
27443;1.35;;28.06.2002;
27541;1.39;;28.06.2002;
27543;1.35;;28.06.2002;
27641;1.39;;28.06.2002;
27643;1.35;;28.06.2002;
27769;1.15;;24.09.1998;
27789;1.15;;01.01.1993;
27869;1.15;;24.09.1998;
27889;1.15;;24.09.1998;
30100;19.13;;24.09.1998;
30110;17.63;;24.09.1998;
30112;15.69;;01.01.1993;
30200;19.02;;24.09.1998;
30210;17.41;;24.09.1998;
30212;15.55;;24.09.1998;
30300;19.79;;24.09.1998;
30401;9.64;;24.09.1998;
30411;8.01;;01.01.1993;
30501;11.85;;24.09.1998;
30511;10.64;;24.09.1998;
30600;15.65;;24.09.1998;
30602;13.57;;24.09.1998;
30610;14.34;;24.09.1998;
30612;12.11;;24.09.1998;
30640;9.75;;24.09.1998;
30650;9.75;;24.09.1998;
30700;14.79;;24.09.1998;
30710;13.52;;24.09.1998;
30740;8.99;;24.09.1998;
30750;8.99;;24.09.1998;
30800;14.61;;24.09.1998;
30810;12.88;;24.09.1998;
30840;9.67;;24.09.1998;
30850;9.67;;24.09.1998;
30900;18.08;;24.09.1998;
30910;16.74;;24.09.1998;
31000;17.92;;24.09.1998;
31010;16.52;;24.09.1998;
31100;14.74;;24.09.1998;
31110;13.31;;24.09.1998;
31200;15.9;;24.09.1998;
31210;14.61;;24.09.1998;
31212;12.85;;24.09.1998;
31213;11.99;;24.09.1998;
31300;14.56;;24.09.1998;
31310;13.08;;24.09.1998;
31313;10.37;;24.09.1998;
31400;15.6;;24.09.1998;
31410;14.34;;24.09.1998;
31440;12.56;;24.09.1998;
31450;12.56;;24.09.1998;
31500;15.39;;24.09.1998;
31510;14.18;;24.09.1998;
31512;12.24;;24.09.1998;
31513;11.32;;01.01.1993;
31540;12.16;;01.01.1993;
31542;10.61;;24.09.1998;
31543;9.67;;01.01.1993;
31550;12.16;;24.09.1998;
31552;10.61;;24.09.1998;
31553;9.67;;01.01.1993;
31602;10.15;;24.09.1998;
31700;8.96;;24.09.1998;
31710;8.05;;24.09.1998;
31811;8.66;;24.09.1998;
31814;6.03;;24.09.1998;
31841;7.48;;01.01.1993;
31844;4.86;;01.01.1993;
31851;7.48;;01.01.1993;
31854;4.86;;01.01.1993;
31901;11.96;;24.09.1998;
31904;8.73;;24.09.1998;
31911;10.73;;24.09.1998;
31914;7.39;;24.09.1998;
31941;9.31;;24.09.1998;
31944;6;;24.09.1998;
31951;9.31;;24.09.1998;
31954;6;;24.09.1998;
32001;9.34;;24.09.1998;
32004;6.72;;24.09.1998;
32011;8.35;;24.09.1998;
32014;5.9;;24.09.1998;
32041;7.28;;24.09.1998;
32044;5;;24.09.1998;
32051;7.28;;24.09.1998;
32054;5;;24.09.1998;
32110;5.7;;24.09.1998;
32112;5.07;;24.09.1998;
32113;4.45;;24.09.1998;
32142;4.13;;24.09.1998;
32143;3.66;;24.09.1998;
32152;4.13;;24.09.1998;
32153;3.66;;24.09.1998;
32210;6.64;;24.09.1998;
32212;5.77;;24.09.1998;
32213;5.4;;24.09.1998;
32242;5.13;;24.09.1998;
32243;4.46;;24.09.1998;
32252;5.13;;24.09.1998;
32253;4.46;;24.09.1998;
32310;7.4;;24.09.1998;
32312;6.3;;24.09.1998;
32313;5.85;;24.09.1998;
32411;8.79;;24.09.1998;
32414;6.19;;24.09.1998;
32441;7.66;;24.09.1998;
32444;5.3;;24.09.1998;
32451;7.66;;24.09.1998;
32454;5.3;;24.09.1998;
32501;11.06;;24.09.1998;
32504;7.82;;24.09.1998;
32511;10.09;;24.09.1998;
32514;6.7;;24.09.1998;
32541;8.08;;24.09.1998;
32544;5.56;;24.09.1998;
32551;8.08;;24.09.1998;
32554;5.56;;24.09.1998;
32601;10.11;;24.09.1998;
32604;7.11;;24.09.1998;
32611;8.68;;24.09.1998;
32614;6.09;;24.09.1998;
32641;7.51;;24.09.1998;
32644;5.12;;24.09.1998;
32651;7.51;;24.09.1998;
32654;5.12;;24.09.1998;
32701;7.48;;24.09.1998;
32704;5.63;;24.09.1998;
32711;6.62;;24.09.1998;
32714;5.06;;24.09.1998;
32741;5.72;;24.09.1998;
32744;4.15;;24.09.1998;
32751;5.72;;24.09.1998;
32754;4.15;;24.09.1998;
32801;11.84;;24.09.1998;
32804;8.63;;01.01.1993;
32811;10.52;;24.09.1998;
32814;7.16;;24.09.1998;
32841;9.17;;01.01.1993;
32844;5.78;;01.01.1993;
32851;9.17;;01.01.1993;
32854;5.78;;01.01.1993;
32901;10.24;;24.09.1998;
32904;6.96;;24.09.1998;
32911;8.74;;24.09.1998;
32914;5.92;;24.09.1998;
32941;7.43;;24.09.1998;
32944;4.98;;24.09.1998;
32951;7.43;;24.09.1998;
32954;4.98;;24.09.1998;
33001;11.13;;24.09.1998;
33004;7.87;;24.09.1998;
33011;10.28;;24.09.1998;
33014;7.05;;24.09.1998;
33041;8.48;;24.09.1998;
33044;5.67;;24.09.1998;
33051;8.48;;24.09.1998;
33054;5.67;;24.09.1998;
33101;7.42;;24.09.1998;
33104;5.92;;24.09.1998;
33111;6.81;;24.09.1998;
33114;5.22;;24.09.1998;
33121;5.94;;01.01.1993;30.01.2014
33124;4.55;;01.01.1993;30.01.2014
33131;5.94;;01.01.1993;30.01.2014
33134;4.55;;01.01.1993;30.01.2014
33141;6;;24.09.1998;
33144;4.55;;24.09.1998;
33151;6;;24.09.1998;
33154;4.55;;24.09.1998;
33201;6.61;;24.09.1998;
33204;5.06;;24.09.1998;
33221;6.03;;24.09.1998;
33224;4.51;;24.09.1998;
33231;6.03;;24.09.1998;
33234;4.51;;24.09.1998;
33241;5.41;;24.09.1998;
33244;3.91;;24.09.1998;
33251;5.41;;24.09.1998;
33254;3.91;;24.09.1998;
33301;11.73;;24.09.1998;
33304;8.12;;24.09.1998;
33311;10.52;;24.09.1998;
33314;6.35;;24.09.1998;
33341;8.71;;24.09.1998;
33344;5.08;;01.01.1993;
33351;8.71;;24.09.1998;
33354;5.08;;01.01.1993;
33715;2.4;;24.09.1998;
33716;1.94;;24.09.1998;
33745;2.05;;24.09.1998;
33746;1.69;;24.09.1998;
33755;2.05;;24.09.1998;
33756;1.69;;24.09.1998;
33815;2.66;;24.09.1998;
33816;2.05;;24.09.1998;
33845;2.27;;24.09.1998;
33846;1.77;;24.09.1998;
33855;2.27;;24.09.1998;
33856;1.77;;24.09.1998;
33909;1.26;;01.01.1993;
33919;1.25;;01.01.1993;
33929;1.25;;01.01.1993;
33939;1.25;;24.09.1998;
33949;1.24;;24.09.1998;
33959;1.08;;01.01.1993;30.01.2014
33969;1.07;;01.01.1993;30.01.2014
34067;1.25;;24.09.1998;
34068;1.24;;24.09.1998;
34077;1.25;;24.09.1998;
34078;1.24;;24.09.1998;
34089;1.22;;24.09.1998;
34099;1.22;;24.09.1998;
34167;1.25;;24.09.1998;
34168;1.24;;24.09.1998;
34177;1.25;;24.09.1998;
34178;1.24;;24.09.1998;
34189;1.22;;24.09.1998;
34199;1.22;;24.09.1998;
34200;14.04;;24.09.1998;
34210;12.8;;24.09.1998;
34300;13.52;;24.09.1998;
34310;12.43;;24.09.1998;
34400;12.47;;24.09.1998;
34410;11.09;;24.09.1998;
34501;11.59;;24.09.1998;
34511;10.07;;24.09.1998;
34600;11.99;;24.09.1998;
34602;9.85;;24.09.1998;
34610;10.71;;24.09.1998;
34612;8.66;;24.09.1998;
34613;7.64;;24.09.1998;
34700;9.42;;24.09.1998;
34702;7.91;;24.09.1998;
34710;8.22;;24.09.1998;
34712;7.17;;24.09.1998;
34713;6.39;;01.01.1993;
34742;5.96;;24.09.1998;
34743;5.16;;01.01.1993;
34752;5.96;;24.09.1998;
34753;5.16;;01.01.1993;
34811;7.89;;24.09.1998;
34814;5.17;;24.09.1998;
34841;6.69;;24.09.1998;
34844;4.2;;01.01.1993;
34851;6.69;;24.09.1998;
34854;4.2;;24.09.1998;
34911;7.73;;24.09.1998;
34941;6.44;;01.01.1993;
34951;6.44;;24.09.1998;
35001;9.29;;24.09.1998;
35004;5.95;;01.01.1993;
35011;7.91;;24.09.1998;
35014;4.98;;24.09.1998;
35041;6.55;;24.09.1998;
35044;3.98;;01.01.1993;
35051;6.55;;24.09.1998;
35054;3.98;;01.01.1993;
35111;6.48;;24.09.1998;
35113;4.86;;24.09.1998;
35141;5.4;;28.06.2002;
35151;5.4;;28.06.2002;
35201;8.02;;24.09.1998;
35211;6.92;;24.09.1998;
35241;5.87;;28.06.2002;
35251;5.87;;28.06.2002;
35301;8;;24.09.1998;
35303;6.02;;24.09.1998;
35311;6.68;;24.09.1998;
35313;5.06;;24.09.1998;
35341;5.75;;28.06.2002;
35351;5.75;;28.06.2002;
35411;5.52;;24.09.1998;
35441;4.54;;24.09.1998;
35451;4.54;;24.09.1998;
35500;9.91;;24.09.1998;
35600;15.77;;24.09.1998;
35700;12.95;;24.09.1998;
35800;13.29;;24.09.1998;
35900;10.08;;24.09.1998;
36000;18.77;;24.09.1998;
36100;15.51;;24.09.1998;
36200;12.1;;24.09.1998;
36300;6.03;;24.09.1998;
36401;6.35;;24.09.1998;
36411;5.75;;24.09.1998;
36501;5.15;;24.09.1998;
36511;4.89;;28.06.2002;
36601;1.43;;24.09.1998;
36701;1.43;;24.09.1998;
36811;1.42;;24.09.1998;
36841;1.39;;24.09.1998;
36901;1.67;;24.09.1998;
37001;4.34;;24.09.1998;
37101;3.56;;24.09.1998;
37201;1.72;;24.09.1998;
37311;1.42;;24.09.1998;
37313;1.4;;01.01.1993;
37341;1.39;;01.01.1993;
37343;1.38;;01.01.1993;
37411;1.42;;01.01.1993;
37413;1.4;;01.01.1993;
37441;1.39;;01.01.1993;
37443;1.38;;01.01.1993;
37541;1.39;;24.09.1998;
37543;1.38;;01.01.1993;
37641;1.39;;24.09.1998;
37643;1.38;;01.01.1993;
37769;1.16;;24.09.1998;
37789;1.15;;24.09.1998;
37869;1.16;;24.09.1998;
37889;1.15;;24.09.1998;
40100;13.01;;24.09.1998;
40110;11.61;;24.09.1998;
40112;9.2;;01.01.1993;
40200;13.32;;24.09.1998;
40210;12.16;;24.09.1998;
40212;9.5;;01.01.1993;
40300;14.18;;24.09.1998;
40800;10.51;;01.01.1993;
40810;9.38;;24.09.1998;
40812;7.72;;28.06.2002;
40840;7.47;;24.09.1998;
40842;6.27;;24.09.1998;
40850;7.96;;24.09.1998;
40852;6.6;;24.09.1998;
40900;13.52;;24.09.1998;
40910;11.91;;01.01.1993;
41000;13.01;;24.09.1998;
41010;11.78;;24.09.1998;
41100;12.62;;24.09.1998;
41110;10.81;;24.09.1998;
41200;11.39;;24.09.1998;
41210;9.96;;24.09.1998;
41212;8.37;;24.09.1998;
41213;7.35;;24.09.1998;
41300;9.99;;24.09.1998;
41310;8.64;;24.09.1998;
41313;6.5;;24.09.1998;
41400;11.65;;24.09.1998;
41410;10.46;;24.09.1998;
41440;8.29;;24.09.1998;
41450;8.89;;24.09.1998;
41500;11.38;;24.09.1998;
41510;10.05;;24.09.1998;
41512;8.22;;24.09.1998;
41513;7.24;;24.09.1998;
41540;7.94;;24.09.1998;
41542;5.91;;24.09.1998;
41543;5.22;;01.01.1993;
41550;8.36;;24.09.1998;
41552;6.89;;24.09.1998;
41553;5.6;;24.09.1998;
41602;5.83;;24.09.1998;
41811;6.22;;24.09.1998;
41814;3.42;;24.09.1998;
41841;4.49;;24.09.1998;
41844;2.25;;24.09.1998;
41851;4.98;;24.09.1998;
41854;2.56;;24.09.1998;
41901;8.64;;24.09.1998;
41904;5.12;;24.09.1998;
41911;7.51;;24.09.1998;
41914;4.19;;24.09.1998;
41941;5.24;;24.09.1998;
41944;2.62;;24.09.1998;
41951;5.8;;24.09.1998;
41954;2.79;;24.09.1998;
42001;6.64;;24.09.1998;
42004;4.29;;24.09.1998;
42011;5.76;;24.09.1998;
42014;3.32;;24.09.1998;
42041;4.27;;24.09.1998;
42044;2.27;;24.09.1998;
42051;4.7;;24.09.1998;
42054;2.44;;24.09.1998;
42110;3.98;;24.09.1998;
42112;2.9;;24.09.1998;
42113;2.66;;24.09.1998;
42142;2.39;;24.09.1998;
42143;2.16;;24.09.1998;
42152;2.51;;24.09.1998;
42153;2.31;;24.09.1998;
42210;4.85;;24.09.1998;
42212;3.99;;24.09.1998;
42213;3.61;;24.09.1998;
42242;2.78;;24.09.1998;
42243;2.57;;24.09.1998;
42252;3.05;;24.09.1998;
42253;2.68;;24.09.1998;
42310;5.53;;24.09.1998;
42312;4.74;;24.09.1998;
42313;4.28;;24.09.1998;
42501;8.36;;24.09.1998;
42504;4.82;;24.09.1998;
42511;7.23;;24.09.1998;
42514;3.96;;24.09.1998;
42541;4.88;;24.09.1998;
42544;2.54;;24.09.1998;
42551;5.46;;24.09.1998;
42554;2.72;;24.09.1998;
42601;7.46;;24.09.1998;
42604;4.68;;24.09.1998;
42611;6.25;;24.09.1998;
42614;3.64;;24.09.1998;
42641;4.34;;24.09.1998;
42644;2.21;;24.09.1998;
42651;4.7;;24.09.1998;
42654;2.63;;24.09.1998;
42701;5.56;;24.09.1998;
42704;3.74;;24.09.1998;
42711;4.85;;24.09.1998;
42714;2.98;;24.09.1998;
42741;3.74;;24.09.1998;
42744;2.34;;24.09.1998;
42751;3.96;;24.09.1998;
42754;2.51;;24.09.1998;
42801;8.57;;24.09.1998;
42804;5.33;;24.09.1998;
42811;7.5;;24.09.1998;
42814;4.03;;24.09.1998;
42841;5.24;;24.09.1998;
42844;2.57;;24.09.1998;
42851;5.61;;24.09.1998;
42854;2.99;;24.09.1998;
42901;6.46;;24.09.1998;
42904;3.87;;24.09.1998;
42911;5.67;;24.09.1998;
42914;2.99;;24.09.1998;
42941;4.11;;24.09.1998;
42944;2.21;;24.09.1998;
42951;4.38;;24.09.1998;
42954;2.34;;24.09.1998;
43001;6.94;;24.09.1998;
43004;4.29;;24.09.1998;
43011;5.94;;24.09.1998;
43014;3.44;;24.09.1998;
43041;4.34;;24.09.1998;
43044;2.26;;24.09.1998;
43051;4.9;;24.09.1998;
43054;2.4;;24.09.1998;
43101;5.9;;24.09.1998;
43104;4.31;;24.09.1998;
43111;5.22;;24.09.1998;
43114;3.52;;24.09.1998;
43141;4.26;;24.09.1998;
43144;2.6;;24.09.1998;
43151;4.45;;24.09.1998;
43154;2.82;;24.09.1998;
43201;5.36;;24.09.1998;
43204;3.81;;24.09.1998;
43211;4.74;;24.09.1998;
43214;2.94;;24.09.1998;
43241;3.71;;24.09.1998;
43244;2.31;;24.09.1998;
43251;3.93;;24.09.1998;
43254;2.45;;24.09.1998;
43301;8.74;;24.09.1998;
43304;6.81;;24.09.1998;
43311;7.82;;24.09.1998;
43314;5.99;;24.09.1998;
43341;6.29;;24.09.1998;
43344;4.53;;24.09.1998;
43351;6.81;;24.09.1998;
43354;4.85;;24.09.1998;
43715;1.62;;24.09.1998;
43716;1.35;;24.09.1998;
43745;1.38;;24.09.1998;
43746;1.22;;24.09.1998;
43755;1.41;;24.09.1998;
43756;1.23;;24.09.1998;
43815;1.87;;24.09.1998;
43816;1.53;;24.09.1998;
43845;1.55;;01.01.1993;
43846;1.25;;24.09.1998;
43855;1.58;;24.09.1998;
43856;1.33;;24.09.1998;
43909;1.2;;01.01.1993;
43919;1.2;;24.09.1998;
43929;1.18;;24.09.1998;
43939;1.2;;24.09.1998;
43949;1.18;;24.09.1998;
43959;1.18;;24.09.1998;
43969;1.02;;01.01.1993;30.01.2014
44067;1.2;;24.09.1998;
44068;1.18;;24.09.1998;
44077;1.2;;24.09.1998;
44078;1.18;;24.09.1998;
44089;1.17;;24.09.1998;
44099;1.17;;24.09.1998;
44167;1.2;;24.09.1998;
44168;1.18;;24.09.1998;
44177;1.2;;24.09.1998;
44178;1.2;;24.09.1998;
44189;1.17;;24.09.1998;
44199;1.18;;24.09.1998;
44200;10.03;;24.09.1998;
44210;8.44;;24.09.1998;
44300;10.16;;24.09.1998;
44310;8.55;;24.09.1998;
44501;7.65;;24.09.1998;
44511;6.69;;24.09.1998;
44600;7.32;;24.09.1998;
44602;5.41;;24.09.1998;
44610;6.24;;24.09.1998;
44612;4.38;;24.09.1998;
44613;3.46;;24.09.1998;
44700;6.57;;24.09.1998;
44702;5.41;;24.09.1998;
44710;5.63;;24.09.1998;
44712;4.54;;24.09.1998;
44713;3.83;;24.09.1998;
44742;2.99;;24.09.1998;
44743;2.48;;24.09.1998;
44752;3.33;;24.09.1998;
44753;2.63;;24.09.1998;
44811;4.53;;24.09.1998;
44814;2.83;;24.09.1998;
44841;3.69;;24.09.1998;
44844;2.01;;24.09.1998;
44851;4.35;;24.09.1998;
44854;2.21;;24.09.1998;
44911;4.22;;24.09.1998;
44941;2.72;;01.01.1993;
44951;3.27;;24.09.1998;
45001;5.59;;24.09.1998;
45004;3.82;;24.09.1998;
45011;4.94;;24.09.1998;
45014;3.05;;24.09.1998;
45041;3.67;;24.09.1998;
45044;2.44;;01.01.1993;
45051;4.24;;24.09.1998;
45054;2.6;;01.01.1993;
45111;3.87;;24.09.1998;
45113;2.98;;24.09.1998;
45141;3.1;;28.06.2002;
45151;3.32;;28.06.2002;
45201;4.85;;24.09.1998;
45211;3.95;;01.01.1993;
45241;2.65;;01.01.1993;
45251;2.81;;01.01.1993;
45301;5.47;;24.09.1998;
45303;3.92;;24.09.1998;
45311;4.65;;24.09.1998;
45313;3.05;;24.09.1998;
45341;3.05;;28.06.2002;
45351;3.61;;28.06.2002;
45411;4.01;;24.09.1998;
45441;2.59;;01.01.1993;
45451;2.94;;01.01.1993;
45500;6.07;;24.09.1998;
45600;10.51;;24.09.1998;
45700;8.18;;24.09.1998;
45800;7.65;;24.09.1998;
45900;7.2;;24.09.1998;
46000;13.11;;24.09.1998;
46100;10.36;;24.09.1998;
46200;9.07;;24.09.1998;
46300;5;;24.09.1998;
46401;5.51;;24.09.1998;
46411;4.94;;24.09.1998;
46501;4.22;;24.09.1998;
46511;3.96;;28.06.2002;
46601;1.41;;28.06.2002;
46701;1.41;;24.09.1998;
46811;1.4;;24.09.1998;
46841;1.35;;24.09.1998;
46901;1.62;;24.09.1998;
47001;3.3;;24.09.1998;
47101;2.72;;24.09.1998;
47201;1.66;;24.09.1998;
47311;1.4;;24.09.1998;
47313;1.38;;24.09.1998;
47341;1.35;;24.09.1998;
47343;1.33;;28.06.2002;
47411;1.4;;28.06.2002;
47413;1.38;;28.06.2002;
47441;1.35;;28.06.2002;
47443;1.33;;28.06.2002;
47541;1.35;;24.09.1998;
47543;1.33;;24.09.1998;
47641;1.35;;28.06.2002;
47643;1.33;;28.06.2002;
47769;1.15;;24.09.1998;
47789;1.15;;24.09.1998;
47869;1.15;;24.09.1998;
47889;1.15;;24.09.1998;
50800;10.77;;28.06.2002;
50810;9.37;;24.09.1998;
50812;8.25;;01.01.1993;
50840;8.35;;24.09.1998;
50842;6.53;;24.09.1998;
50850;8.35;;24.09.1998;
50852;6.53;;24.09.1998;
50900;13.99;;24.09.1998;
50910;13.03;;01.01.1993;
51000;14.2;;24.09.1998;
51010;12.97;;24.09.1998;
51100;13.41;;24.09.1998;
51110;12.37;;24.09.1998;
51200;12.97;;24.09.1998;
51210;11.34;;24.09.1998;
51212;9.83;;24.09.1998;
51213;8.81;;24.09.1998;
51300;11.44;;24.09.1998;
51310;10.56;;24.09.1998;
51313;7.75;;24.09.1998;
51400;12.77;;24.09.1998;
51410;10.9;;24.09.1998;
51440;9.74;;24.09.1998;
51450;9.74;;24.09.1998;
51500;11.76;;24.09.1998;
51502;10.19;;24.09.1998;
51510;10.24;;24.09.1998;
51512;8.66;;24.09.1998;
51513;7.7;;24.09.1998;
51540;8.76;;24.09.1998;
51542;7.32;;24.09.1998;
51543;6.46;;24.09.1998;
51550;8.76;;24.09.1998;
51552;7.32;;24.09.1998;
51553;6.46;;24.09.1998;
51602;7.81;;24.09.1998;
51700;6.89;;24.09.1998;
51710;6.21;;24.09.1998;
51811;7.7;;24.09.1998;
51814;4.63;;24.09.1998;
51841;6.11;;01.01.1993;
51844;3.4;;24.09.1998;
51851;6.11;;24.09.1998;
51854;3.4;;24.09.1998;
51901;8.68;;24.09.1998;
51904;5.32;;24.09.1998;
51911;7.67;;24.09.1998;
51914;4.31;;24.09.1998;
51941;6.4;;24.09.1998;
51944;3.3;;24.09.1998;
51951;6.4;;24.09.1998;
51954;3.3;;24.09.1998;
52001;7.31;;24.09.1998;
52004;4.86;;24.09.1998;
52011;6.26;;24.09.1998;
52014;4.08;;24.09.1998;
52041;5.4;;24.09.1998;
52044;3.15;;24.09.1998;
52051;5.4;;24.09.1998;
52054;3.15;;24.09.1998;
52110;4.21;;24.09.1998;
52112;3.06;;24.09.1998;
52113;2.5;;24.09.1998;
52142;2.21;;24.09.1998;
52143;1.87;;24.09.1998;
52152;2.21;;24.09.1998;
52153;1.87;;24.09.1998;
52210;6.13;;24.09.1998;
52212;5.08;;24.09.1998;
52213;4.37;;24.09.1998;
52242;3.6;;24.09.1998;
52243;2.97;;24.09.1998;
52252;3.6;;24.09.1998;
52253;2.97;;24.09.1998;
52310;6.46;;24.09.1998;
52312;5.24;;24.09.1998;
52313;4.91;;24.09.1998;
52501;9.42;;24.09.1998;
52504;6.21;;24.09.1998;
52511;8.11;;24.09.1998;
52514;4.79;;24.09.1998;
52541;6.62;;24.09.1998;
52544;3.51;;24.09.1998;
52551;6.62;;24.09.1998;
52554;3.51;;24.09.1998;
52601;8.28;;24.09.1998;
52604;5.09;;24.09.1998;
52611;7.26;;24.09.1998;
52614;4.39;;24.09.1998;
52641;5.7;;24.09.1998;
52644;3.21;;24.09.1998;
52651;5.7;;24.09.1998;
52654;3.21;;24.09.1998;
52701;6.6;;24.09.1998;
52704;4.57;;24.09.1998;
52711;5.84;;24.09.1998;
52714;3.96;;24.09.1998;
52741;4.91;;24.09.1998;
52744;3.26;;24.09.1998;
52751;4.91;;24.09.1998;
52754;3.26;;24.09.1998;
52801;9.22;;24.09.1998;
52804;5.95;;24.09.1998;
52811;7.9;;24.09.1998;
52814;4.7;;24.09.1998;
52841;6.55;;24.09.1998;
52844;3.37;;24.09.1998;
52851;6.55;;24.09.1998;
52854;3.37;;24.09.1998;
52901;9;;24.09.1998;
52904;6.09;;24.09.1998;
52911;7.79;;24.09.1998;
52914;5;;24.09.1998;
52941;6.47;;24.09.1998;
52944;3.69;;24.09.1998;
52951;6.47;;24.09.1998;
52954;3.69;;24.09.1998;
53001;8.45;;24.09.1998;
53004;5.07;;24.09.1998;
53011;7.38;;24.09.1998;
53014;4.28;;24.09.1998;
53041;5.69;;24.09.1998;
53044;3.22;;24.09.1998;
53051;5.69;;24.09.1998;
53054;3.22;;24.09.1998;
53101;6.1;;24.09.1998;
53104;4.68;;24.09.1998;
53111;5.52;;24.09.1998;
53114;3.99;;24.09.1998;
53141;4.82;;24.09.1998;
53144;3.41;;24.09.1998;
53151;4.82;;24.09.1998;
53154;3.41;;24.09.1998;
53201;6.61;;24.09.1998;
53204;4.47;;24.09.1998;
53211;5.75;;24.09.1998;
53214;3.9;;24.09.1998;
53241;4.62;;24.09.1998;
53244;3.23;;24.09.1998;
53251;4.62;;24.09.1998;
53254;3.23;;24.09.1998;
53301;8.8;;24.09.1998;
53304;5.33;;24.09.1998;
53311;7.28;;24.09.1998;
53314;3.92;;24.09.1998;
53341;5.95;;24.09.1998;
53344;2.72;;24.09.1998;
53351;5.95;;24.09.1998;
53354;2.72;;24.09.1998;
53715;2.04;;24.09.1998;
53716;1.64;;24.09.1998;
53745;1.72;;24.09.1998;
53746;1.43;;24.09.1998;
53755;1.72;;24.09.1998;
53756;1.43;;24.09.1998;
53815;2.26;;24.09.1998;
53816;1.76;;24.09.1998;
53845;1.98;;24.09.1998;
53846;1.51;;24.09.1998;
53855;1.98;;24.09.1998;
53856;1.51;;24.09.1998;
53909;1.22;;24.09.1998;
53919;1.2;;24.09.1998;
53929;1.2;;24.09.1998;
53939;1.2;;24.09.1998;
53949;1.2;;24.09.1998;
53959;1.2;;24.09.1998;
53969;1.18;;01.01.1993;
54067;1.22;;24.09.1998;
54068;1.2;;24.09.1998;
54077;1.22;;24.09.1998;
54078;1.2;;24.09.1998;
54089;1.18;;24.09.1998;
54099;1.18;;24.09.1998;
54167;1.24;;24.09.1998;
54168;1.23;;24.09.1998;
54177;1.24;;24.09.1998;
54178;1.23;;24.09.1998;
54189;1.2;;24.09.1998;
54199;1.2;;24.09.1998;
54200;10.86;;24.09.1998;
54210;9;;24.09.1998;
54300;10.2;;24.09.1998;
54310;8.37;;24.09.1998;
54400;10;;24.09.1998;
54410;8.55;;24.09.1998;
54501;9.05;;24.09.1998;
54511;7.81;;24.09.1998;
54600;8.94;;24.09.1998;
54602;6.96;;24.09.1998;
54610;7.25;;24.09.1998;
54612;5.75;;24.09.1998;
54613;4.51;;24.09.1998;
54700;7.04;;24.09.1998;
54702;5.78;;24.09.1998;
54710;5.95;;24.09.1998;
54712;4.94;;24.09.1998;
54713;4.29;;24.09.1998;
54742;3.83;;24.09.1998;
54743;3.35;;24.09.1998;
54752;3.83;;24.09.1998;
54753;3.35;;24.09.1998;
54811;5.44;;24.09.1998;
54814;3.14;;24.09.1998;
54841;4.24;;24.09.1998;
54844;2.4;;24.09.1998;
54851;4.24;;24.09.1998;
54854;2.4;;24.09.1998;
54911;4.54;;24.09.1998;
54941;3.56;;24.09.1998;
54951;3.56;;24.09.1998;
55001;7.12;;24.09.1998;
55004;5.36;;24.09.1998;
55011;6.34;;24.09.1998;
55014;4.49;;24.09.1998;
55041;5.35;;24.09.1998;
55044;3.61;;24.09.1998;
55051;5.35;;24.09.1998;
55054;3.61;;24.09.1998;
55111;4.85;;24.09.1998;
55113;4.07;;24.09.1998;
55141;4.16;;01.01.1993;
55151;4.16;;28.06.2002;
55201;6.65;;24.09.1998;
55211;6;;24.09.1998;
55241;5.16;;24.09.1998;
55251;5.16;;24.09.1998;
55301;6.29;;24.09.1998;
55303;5.46;;24.09.1998;
55311;5.68;;24.09.1998;
55313;4.9;;24.09.1998;
55341;5.04;;01.01.1993;
55351;5.04;;01.01.1993;
55411;4.3;;24.09.1998;
55441;3.32;;24.09.1998;
55451;3.32;;24.09.1998;
55500;7.2;;24.09.1998;
55600;10.7;;24.09.1998;
55700;8.71;;24.09.1998;
55800;7.87;;24.09.1998;
55900;7.07;;24.09.1998;
56000;12.74;;24.09.1998;
56100;10.24;;24.09.1998;
56200;9.5;;24.09.1998;
56300;5.39;;24.09.1998;
56401;5.87;;24.09.1998;
56411;5.22;;24.09.1998;
56501;5.39;;24.09.1998;
56511;5.13;;24.09.1998;
56601;1.39;;24.09.1998;
56701;1.39;;24.09.1998;
56811;1.38;;24.09.1998;
56841;1.34;;24.09.1998;
56901;1.58;;24.09.1998;
57001;2.74;;24.09.1998;
57101;2.43;;24.09.1998;
57201;1.62;;24.09.1998;
57311;1.32;;24.09.1998;
57313;1.31;;24.09.1998;
57341;1.31;;24.09.1998;
57343;1.3;;24.09.1998;
57411;1.32;;24.09.1998;
57413;1.31;;24.09.1998;
57441;1.31;;28.06.2002;
57443;1.3;;28.06.2002;
57541;1.31;;24.09.1998;
57543;1.3;;24.09.1998;
57641;1.31;;24.09.1998;
57643;1.3;;01.01.1993;
57769;1.15;;24.09.1998;
57789;1.15;;24.09.1998;
57869;1.15;;24.09.1998;
57889;1.15;;24.09.1998;
61200;12.73;;24.09.1998;
61210;11.29;;24.09.1998;
61212;9.88;;24.09.1998;
61213;8.86;;01.01.1993;
61300;11;;24.09.1998;
61310;9.91;;24.09.1998;
61313;7.26;;01.01.1993;
61400;12.01;;24.09.1998;
61410;11.02;;24.09.1998;
61440;9.58;;24.09.1998;
61450;9.58;;24.09.1998;
61602;7.33;;24.09.1998;
61700;6.85;;01.01.1993;
61710;6;;01.01.1993;
62001;7;;24.09.1998;
62004;4.78;;24.09.1998;
62021;6.19;;24.09.1998;
62024;4.05;;24.09.1998;
62031;6.19;;24.09.1998;
62034;4.05;;24.09.1998;
62041;5.31;;24.09.1998;
62044;2.97;;24.09.1998;
62051;5.31;;24.09.1998;
62054;2.97;;24.09.1998;
62110;4.54;;24.09.1998;
62112;3.59;;24.09.1998;
62113;3.12;;24.09.1998;
62142;2.57;;24.09.1998;
62143;2.35;;24.09.1998;
62152;2.57;;24.09.1998;
62153;2.35;;01.01.1993;
62210;6.01;;24.09.1998;
62212;5.25;;24.09.1998;
62213;4.44;;24.09.1998;
62242;3.93;;24.09.1998;
62243;3.17;;24.09.1998;
62252;3.93;;24.09.1998;
62253;3.17;;01.01.1993;
62310;5.52;;24.09.1998;
62312;4.75;;24.09.1998;
62313;4.28;;24.09.1998;
62411;7.16;;24.09.1998;
62414;4.86;;24.09.1998;
62441;6.27;;24.09.1998;
62444;4.04;;24.09.1998;
62451;6.27;;24.09.1998;
62454;4.04;;24.09.1998;
62601;7.91;;24.09.1998;
62604;4.94;;24.09.1998;
62611;6.38;;24.09.1998;
62614;3.73;;24.09.1998;
62641;5.31;;24.09.1998;
62644;2.86;;24.09.1998;
62651;5.31;;24.09.1998;
62654;2.86;;24.09.1998;
62701;7.08;;24.09.1998;
62704;5.13;;24.09.1998;
62711;6.38;;24.09.1998;
62714;4.57;;24.09.1998;
62741;5.24;;24.09.1998;
62744;3.67;;24.09.1998;
62751;5.24;;24.09.1998;
62754;3.67;;24.09.1998;
62801;9.06;;01.01.1993;
62804;6.22;;01.01.1993;
62811;7.59;;01.01.1993;
62814;5.15;;01.01.1993;
62841;6.56;;01.01.1993;
62844;4.3;;24.09.1998;
62851;6.56;;28.06.2002;
62854;4.3;;24.09.1998;
62901;7.87;;24.09.1998;
62904;4.86;;24.09.1998;
62911;6.37;;24.09.1998;
62914;4.01;;24.09.1998;
62941;5.38;;24.09.1998;
62944;2.94;;24.09.1998;
62951;5.38;;24.09.1998;
62954;2.94;;24.09.1998;
63101;7.07;;28.06.2002;
63104;5.22;;28.06.2002;
63111;6.14;;28.06.2002;
63114;4.68;;28.06.2002;
63141;5.44;;28.06.2002;
63144;3.96;;28.06.2002;
63151;5.44;;28.06.2002;
63154;3.96;;28.06.2002;
63201;6.65;;24.09.1998;
63204;4.82;;24.09.1998;
63211;5.82;;24.09.1998;
63214;4.3;;24.09.1998;
63241;4.96;;24.09.1998;
63244;3.65;;24.09.1998;
63251;4.96;;24.09.1998;
63254;3.65;;24.09.1998;
63715;1.53;;01.01.1993;
63716;1.22;;24.09.1998;
63745;1.28;;01.01.1993;
63746;1.15;;24.09.1998;
63755;1.28;;24.09.1998;
63756;1.15;;24.09.1998;
63815;1.76;;24.09.1998;
63816;1.26;;24.09.1998;
63845;1.43;;24.09.1998;
63846;1.17;;24.09.1998;
63855;1.43;;01.01.1993;
63856;1.17;;24.09.1998;
63909;1.24;;28.06.2002;
63919;1.23;;28.06.2002;
63929;1.23;;28.06.2002;
63939;1.23;;28.06.2002;
63949;1.06;;28.06.2002;30.01.2014
63959;1.06;;28.06.2002;30.01.2014
63969;1.05;;28.06.2002;30.01.2014
64067;1.26;;24.09.1998;
64068;1.25;;24.09.1998;
64077;1.26;;24.09.1998;
64078;1.25;;24.09.1998;
64089;1.23;;24.09.1998;
64099;1.23;;24.09.1998;
64167;1.32;;24.09.1998;
64168;1.3;;24.09.1998;
64177;1.32;;24.09.1998;
64178;1.3;;24.09.1998;
64189;1.26;;24.09.1998;
64199;1.26;;24.09.1998;
64200;10.55;;24.09.1998;
64210;9.7;;24.09.1998;
64300;10.03;;24.09.1998;
64310;8.8;;24.09.1998;
64340;7.17;;24.09.1998;
64400;8.96;;24.09.1998;
64410;8.04;;24.09.1998;
64501;8.59;;24.09.1998;
64511;7.13;;24.09.1998;
64600;8.2;;24.09.1998;
64602;6.47;;24.09.1998;
64610;7.08;;24.09.1998;
64612;5.16;;24.09.1998;
64613;4.08;;24.09.1998;
64700;7.09;;24.09.1998;
64702;5.87;;24.09.1998;
64710;6.17;;24.09.1998;
64712;5.12;;24.09.1998;
64713;4.45;;24.09.1998;
64742;3.93;;24.09.1998;
64743;3.17;;24.09.1998;
64752;3.93;;24.09.1998;
64753;3.17;;01.01.1993;
64811;4.97;;24.09.1998;
64814;2.88;;24.09.1998;
64841;3.76;;24.09.1998;
64844;2.44;;24.09.1998;
64851;3.76;;24.09.1998;
64854;2.44;;24.09.1998;
64911;4.55;;24.09.1998;
64941;3.67;;24.09.1998;
64951;3.67;;24.09.1998;
65001;6.31;;24.09.1998;
65004;3.69;;24.09.1998;
65011;5.43;;24.09.1998;
65014;2.9;;24.09.1998;
65041;4.24;;24.09.1998;
65044;2.27;;01.01.1993;
65051;4.24;;24.09.1998;
65054;2.27;;24.09.1998;
65111;4.24;;24.09.1998;
65113;3.25;;24.09.1998;
65141;3.5;;28.06.2002;
65151;3.5;;28.06.2002;
65201;5.68;;28.06.2002;
65211;4.88;;24.09.1998;
65241;3.84;;24.09.1998;
65251;3.84;;24.09.1998;
65500;8.13;;24.09.1998;
65600;10.34;;24.09.1998;
65700;8;;24.09.1998;
65800;7.83;;24.09.1998;
65900;6.64;;24.09.1998;
66000;11.3;;24.09.1998;
66100;10.54;;24.09.1998;
66200;8.74;;24.09.1998;
66300;5.36;;24.09.1998;
66401;6.02;;24.09.1998;
66411;5.41;;24.09.1998;
66501;1.87;;01.01.1993;
66511;1.82;;01.01.1993;
66601;1.47;;24.09.1998;
66701;1.4;;24.09.1998;
66811;1.39;;24.09.1998;
66841;1.35;;01.01.1993;
66901;1.61;;24.09.1998;
67001;3.54;;24.09.1998;
67101;2.82;;24.09.1998;
67201;1.65;;24.09.1998;
67311;1.31;;24.09.1998;
67313;1.3;;01.01.1993;
67341;1.3;;01.01.1993;
67343;1.28;;01.01.1993;
67411;1.31;;24.09.1998;
67413;1.3;;01.01.1993;
67441;1.3;;01.01.1993;
67443;1.28;;01.01.1993;
67541;1.3;;24.09.1998;
67543;1.28;;24.09.1998;
67641;1.3;;24.09.1998;
67643;1.28;;01.01.1993;
67769;1.15;;24.09.1998;
67789;1.15;;24.09.1998;
67869;1.15;;24.09.1998;
67889;1.15;;24.09.1998;
71100;9.86;;24.09.1998;
71110;9.03;;24.09.1998;
71200;9.12;;24.09.1998;
71210;7.77;;24.09.1998;
71212;6.6;;24.09.1998;
71213;5.77;;24.09.1998;
71300;9.49;;24.09.1998;
71310;8.3;;24.09.1998;
71313;6.14;;01.01.1993;
71400;8.86;;24.09.1998;
71410;7.57;;24.09.1998;
71440;6.24;;24.09.1998;
71450;5.72;;24.09.1998;
71500;8.86;;24.09.1998;
71502;6.23;;28.06.2002;
71510;7.28;;24.09.1998;
71512;6.38;;24.09.1998;
71513;5.59;;24.09.1998;
71540;6.11;;24.09.1998;
71542;4.98;;24.09.1998;
71543;4.18;;24.09.1998;
71550;5.61;;24.09.1998;
71552;4.53;;24.09.1998;
71553;3.88;;24.09.1998;
71600;6.23;;24.09.1998;30.01.2014
71602;5.93;;24.09.1998;
71610;5.86;;24.09.1998;
71700;5.36;;24.09.1998;
71710;4.11;;24.09.1998;
71811;4.89;;24.09.1998;
71814;2.76;;24.09.1998;
71841;4;;24.09.1998;
71844;2.25;;24.09.1998;
71851;3.51;;24.09.1998;
71854;2.13;;24.09.1998;
72001;5.13;;24.09.1998;
72004;2.82;;24.09.1998;
72021;4.28;;24.09.1998;
72024;2.47;;24.09.1998;
72031;4.11;;24.09.1998;
72034;2.45;;24.09.1998;
72041;3.32;;24.09.1998;
72044;2.09;;24.09.1998;
72051;2.83;;24.09.1998;
72054;1.84;;24.09.1998;
72110;3.71;;24.09.1998;
72112;2.76;;24.09.1998;
72113;2.35;;24.09.1998;
72142;2.08;;24.09.1998;
72143;1.74;;24.09.1998;
72152;1.82;;24.09.1998;
72153;1.61;;24.09.1998;
72210;5.47;;24.09.1998;
72212;4.28;;24.09.1998;
72213;3.64;;24.09.1998;
72242;2.99;;24.09.1998;
72243;2.6;;24.09.1998;
72252;2.71;;24.09.1998;
72253;2.4;;24.09.1998;
72310;4.37;;24.09.1998;
72312;3.9;;24.09.1998;
72313;3.59;;24.09.1998;
72411;5.91;;24.09.1998;
72414;4.63;;24.09.1998;
72441;5.08;;24.09.1998;
72444;3.79;;24.09.1998;
72451;4.81;;24.09.1998;
72454;3.52;;24.09.1998;
72464;2.49;;01.01.1993;30.01.2014
72474;2.27;;01.01.1993;30.01.2014
72484;1.82;;01.01.1993;30.01.2014
72494;1.63;;01.01.1993;30.01.2014
72501;7.86;;24.09.1998;
72504;5.21;;24.09.1998;
72511;6.77;;24.09.1998;
72514;4.15;;24.09.1998;
72541;5.22;;24.09.1998;
72544;2.72;;24.09.1998;
72551;4.85;;24.09.1998;
72554;2.55;;24.09.1998;
72601;7;;24.09.1998;
72604;4.42;;24.09.1998;
72611;5.93;;24.09.1998;
72614;3.27;;24.09.1998;
72641;4.61;;24.09.1998;
72644;2.51;;24.09.1998;
72651;4.03;;24.09.1998;
72654;2.31;;24.09.1998;
72701;6.11;;24.09.1998;
72704;3.56;;24.09.1998;
72711;4.82;;24.09.1998;
72714;2.65;;24.09.1998;
72741;3.48;;24.09.1998;
72744;1.98;;24.09.1998;
72751;3.12;;24.09.1998;
72754;1.85;;24.09.1998;
72801;7.72;;24.09.1998;
72804;4.66;;24.09.1998;
72811;6.18;;24.09.1998;
72814;3.38;;24.09.1998;
72841;4.9;;24.09.1998;
72844;2.5;;24.09.1998;
72851;4.24;;24.09.1998;
72854;2.34;;24.09.1998;
72901;8.08;;24.09.1998;
72904;5.3;;24.09.1998;
72911;7.04;;24.09.1998;
72914;4.22;;24.09.1998;
72941;5.6;;24.09.1998;
72944;2.8;;24.09.1998;
72951;5.07;;24.09.1998;
72954;2.55;;24.09.1998;
73001;7.52;;24.09.1998;
73004;4.83;;24.09.1998;
73011;6.26;;24.09.1998;
73014;3.85;;24.09.1998;
73041;4.83;;24.09.1998;
73044;2.81;;24.09.1998;
73051;4.61;;24.09.1998;
73054;2.56;;24.09.1998;
73101;5.7;;24.09.1998;
73104;4.11;;24.09.1998;
73111;4.85;;24.09.1998;
73114;3.18;;24.09.1998;
73141;3.92;;24.09.1998;
73144;2.37;;24.09.1998;
73151;3.56;;24.09.1998;
73154;2.09;;24.09.1998;
73201;6.34;;24.09.1998;
73204;3.77;;24.09.1998;
73211;5.14;;24.09.1998;
73214;2.86;;24.09.1998;
73241;4.07;;24.09.1998;
73244;2.29;;24.09.1998;
73251;3.41;;24.09.1998;
73254;2.13;;24.09.1998;
73301;7.32;;24.09.1998;
73304;4.26;;24.09.1998;
73311;5.82;;24.09.1998;
73314;3.13;;24.09.1998;
73341;4.34;;24.09.1998;
73344;2.35;;24.09.1998;
73351;3.9;;24.09.1998;
73354;2.17;;24.09.1998;
73715;1.4;;24.09.1998;
73716;1.35;;24.09.1998;
73745;1.38;;24.09.1998;
73746;1.34;;24.09.1998;
73755;1.35;;24.09.1998;
73756;1.33;;24.09.1998;
73815;1.55;;24.09.1998;
73816;1.48;;24.09.1998;
73845;1.5;;24.09.1998;
73846;1.45;;24.09.1998;
73855;1.48;;24.09.1998;
73856;1.42;;24.09.1998;
73909;1.24;;01.01.1993;
73919;1.24;;24.09.1998;
73929;1.24;;24.09.1998;
73939;1.24;;24.09.1998;
73949;1.23;;24.09.1998;
73959;1.22;;24.09.1998;
73969;1.22;;01.01.1993;
74067;1.25;;24.09.1998;
74068;1.24;;24.09.1998;
74077;1.24;;24.09.1998;
74078;1.23;;24.09.1998;
74089;1.22;;24.09.1998;
74099;1.22;;24.09.1998;
74167;1.28;;24.09.1998;
74168;1.25;;24.09.1998;
74177;1.26;;24.09.1998;
74178;1.24;;24.09.1998;
74189;1.23;;24.09.1998;
74199;1.22;;24.09.1998;
74300;7.77;;24.09.1998;
74310;6.57;;24.09.1998;
74400;6.68;;24.09.1998;
74410;5.57;;24.09.1998;
74600;6.81;;24.09.1998;
74602;5.68;;24.09.1998;
74610;5.74;;24.09.1998;
74612;4.44;;24.09.1998;
74613;3.87;;24.09.1998;
74700;6.03;;24.09.1998;
74702;4.73;;24.09.1998;
74710;4.75;;24.09.1998;
74712;3.44;;24.09.1998;
74713;2.87;;24.09.1998;
74742;2.42;;24.09.1998;
74743;2.12;;24.09.1998;
74752;2.26;;24.09.1998;
74753;2.01;;24.09.1998;
74811;4.3;;24.09.1998;
74814;2.26;;24.09.1998;
74841;3.09;;24.09.1998;
74844;1.84;;24.09.1998;
74851;2.63;;24.09.1998;
74854;1.72;;24.09.1998;
74911;3.44;;24.09.1998;
74941;2.81;;24.09.1998;
74951;2.63;;24.09.1998;
74954;1.77;;01.01.1993;30.01.2014
75001;5.35;;24.09.1998;
75004;2.52;;24.09.1998;
75011;4.04;;24.09.1998;
75014;2.09;;24.09.1998;
75041;2.79;;24.09.1998;
75044;1.66;;24.09.1998;
75051;2.42;;24.09.1998;
75054;1.55;;24.09.1998;
75111;3.69;;24.09.1998;
75113;2.34;;24.09.1998;
75141;2.37;;28.06.2002;
75151;2.25;;28.06.2002;
75201;5.12;;24.09.1998;
75211;4.43;;24.09.1998;
75241;3.58;;24.09.1998;
75251;3.34;;24.09.1998;
75301;4.34;;24.09.1998;
75303;3.52;;24.09.1998;
75311;3.79;;24.09.1998;
75313;3.06;;24.09.1998;
75341;3.27;;24.09.1998;
75351;2.95;;28.06.2002;
75411;3.01;;24.09.1998;
75441;2.44;;24.09.1998;
75451;2.29;;24.09.1998;
75500;5.87;;24.09.1998;
75600;7.79;;24.09.1998;
75700;6.02;;24.09.1998;
75800;5.29;;24.09.1998;
75900;4.11;;24.09.1998;
76401;4.6;;24.09.1998;
76411;3.99;;24.09.1998;
76501;2.76;;24.09.1998;
76511;2.64;;24.09.1998;
76601;1.34;;24.09.1998;
76701;1.34;;24.09.1998;
76811;1.33;;24.09.1998;
76841;1.31;;24.09.1998;
76901;1.34;;24.09.1998;
77001;2.35;;24.09.1998;
77101;2.11;;24.09.1998;
77201;1.55;;24.09.1998;
77311;1.33;;24.09.1998;
77313;1.32;;24.09.1998;
77341;1.31;;24.09.1998;
77343;1.3;;24.09.1998;
77411;1.43;;24.09.1998;
77413;1.41;;24.09.1998;
77441;1.4;;28.06.2002;
77443;1.39;;28.06.2002;
77541;1.4;;24.09.1998;
77543;1.39;;24.09.1998;
77641;1.31;;24.09.1998;
77643;1.3;;24.09.1998;
77769;1.15;;24.09.1998;
77789;1.15;;24.09.1998;
77869;1.15;;24.09.1998;
77889;1.15;;24.09.1998;
81811;3.01;;01.01.1993;
81814;2.04;;24.09.1998;
81841;2.43;;01.01.1993;
81844;1.7;;24.09.1998;
81851;2.16;;01.01.1993;
81854;1.53;;01.01.1993;
82001;3.25;;01.01.1993;
82004;2.08;;01.01.1993;
82021;2.73;;24.09.1998;
82024;1.74;;24.09.1998;
82031;2.44;;24.09.1998;
82034;1.61;;24.09.1998;
82041;2.19;;24.09.1998;
82044;1.5;;24.09.1998;
82051;1.82;;24.09.1998;
82054;1.42;;24.09.1998;
82110;2.33;;01.01.1993;
82112;1.86;;24.09.1998;
82113;1.51;;24.09.1998;
82142;1.38;;24.09.1998;
82143;1.2;;28.06.2002;
82152;1.18;;28.06.2002;
82153;1.16;;28.06.2002;
82210;3.33;;01.01.1993;
82212;2.55;;24.09.1998;
82213;2.23;;24.09.1998;
82242;1.98;;01.01.1993;
82243;1.62;;28.06.2002;
82252;1.58;;28.06.2002;
82253;1.33;;28.06.2002;
83401;5.08;;24.09.1998;
83404;2.97;;24.09.1998;
83421;4.08;;24.09.1998;
83424;2.42;;24.09.1998;
83431;3.38;;24.09.1998;
83434;2.2;;24.09.1998;
83441;2.98;;24.09.1998;
83444;1.81;;24.09.1998;
83451;2.52;;24.09.1998;
83454;1.51;;24.09.1998;
83501;5.33;;24.09.1998;
83504;2.94;;24.09.1998;
83521;4.36;;24.09.1998;
83524;2.45;;24.09.1998;
83531;3.51;;24.09.1998;
83534;2.17;;24.09.1998;
83541;2.86;;24.09.1998;
83544;1.95;;24.09.1998;
83551;2.48;;24.09.1998;
83554;1.61;;24.09.1998;
83715;1.33;;24.09.1998;
83716;1.31;;24.09.1998;
83745;1.31;;24.09.1998;
83746;1.28;;24.09.1998;
83755;1.3;;24.09.1998;
83756;1.26;;24.09.1998;
83815;1.43;;24.09.1998;
83816;1.4;;24.09.1998;
83845;1.41;;24.09.1998;
83846;1.38;;24.09.1998;
83855;1.39;;01.01.1993;
83856;1.34;;24.09.1998;
83909;1.17;;01.01.1993;
83919;1.17;;24.09.1998;
83929;1.17;;24.09.1998;
83939;1.17;;24.09.1998;
83949;1.17;;24.09.1998;
83959;1.16;;24.09.1998;
83969;1.16;;28.06.2002;
84067;1.22;;24.09.1998;
84068;1.2;;24.09.1998;
84077;1.22;;24.09.1998;
84078;1.2;;24.09.1998;
84089;1.18;;24.09.1998;
84099;1.17;;24.09.1998;
84167;1.24;;24.09.1998;
84168;1.22;;24.09.1998;
84177;1.22;;24.09.1998;
84178;1.22;;24.09.1998;
84189;1.2;;24.09.1998;
84199;1.18;;24.09.1998;
84400;4.31;;24.09.1998;30.01.2014
84410;3.37;;01.01.1993;30.01.2014
84811;2.4;;24.09.1998;
84814;1.74;;24.09.1998;
84841;2.01;;24.09.1998;
84844;1.57;;24.09.1998;
84851;1.84;;24.09.1998;
84854;1.41;;24.09.1998;
84911;2.35;;24.09.1998;
84941;2.1;;24.09.1998;
84951;1.85;;24.09.1998;
85001;3.23;;24.09.1998;
85004;1.93;;24.09.1998;
85011;2.44;;24.09.1998;
85014;1.51;;24.09.1998;
85041;1.95;;24.09.1998;
85044;1.23;;24.09.1998;
85051;1.66;;24.09.1998;
85054;1.16;;24.09.1998;
85201;3.15;;24.09.1998;
85211;2.8;;24.09.1998;
85241;2.54;;24.09.1998;
85251;2.27;;24.09.1998;
85301;3.06;;24.09.1998;
85303;2.72;;01.01.1993;
85311;2.83;;24.09.1998;
85313;2.42;;01.01.1993;
85341;2.45;;28.06.2002;
85351;2.27;;28.06.2002;
85411;2.59;;24.09.1998;
85441;2.44;;24.09.1998;
85451;2.33;;24.09.1998;
85500;4.3;;24.09.1998;
85600;5.24;;24.09.1998;
85800;4.71;;24.09.1998;
86401;4.59;;24.09.1998;
86411;4.07;;24.09.1998;
86501;3.26;;24.09.1998;
86511;3.04;;24.09.1998;
86601;1.31;;24.09.1998;
86701;1.31;;24.09.1998;
86811;1.31;;24.09.1998;
86841;1.28;;24.09.1998;
86901;1.31;;24.09.1998;
87001;2.04;;24.09.1998;
87101;1.82;;24.09.1998;
87201;1.48;;24.09.1998;
87311;1.23;;24.09.1998;
87313;1.23;;24.09.1998;
87341;1.22;;24.09.1998;
87343;1.22;;24.09.1998;
87411;1.23;;24.09.1998;
87413;1.23;;24.09.1998;
87441;1.22;;24.09.1998;
87443;1.22;;24.09.1998;
87541;1.22;;24.09.1998;
87543;1.22;;24.09.1998;
87641;1.22;;24.09.1998;
87643;1.22;;24.09.1998;
87769;1.15;;24.09.1998;
87789;1.15;;24.09.1998;
87869;1.15;;24.09.1998;
87889;1.15;;24.09.1998;
91811;2.26;;01.01.1993;
91814;1.48;;24.09.1998;
91841;1.81;;01.01.1993;
91844;1.32;;24.09.1998;
91851;1.49;;01.01.1993;
91854;1.26;;24.09.1998;
93601;3.93;;24.09.1998;
93604;2.25;;24.09.1998;
93621;2.9;;24.09.1998;
93624;1.9;;24.09.1998;
93631;2.28;;24.09.1998;
93634;1.59;;24.09.1998;
93641;2.21;;24.09.1998;
93644;1.56;;24.09.1998;
93651;1.79;;24.09.1998;
93654;1.28;;24.09.1998;
93715;1.28;;24.09.1998;
93716;1.25;;24.09.1998;
93745;1.26;;24.09.1998;
93746;1.24;;24.09.1998;
93755;1.24;;24.09.1998;
93756;1.23;;24.09.1998;
93909;1.16;;01.01.1993;
93919;1.16;;24.09.1998;
93929;1.16;;24.09.1998;
93939;1.16;;24.09.1998;
93949;1.16;;24.09.1998;
93959;1.15;;24.09.1998;
93969;1.15;;24.09.1998;
94067;1.16;;24.09.1998;
94068;1.16;;24.09.1998;
94077;1.16;;24.09.1998;
94078;1.16;;24.09.1998;
94089;1.15;;24.09.1998;
94099;1.15;;24.09.1998;
94167;1.17;;24.09.1998;
94168;1.16;;24.09.1998;
94177;1.16;;24.09.1998;
94178;1.16;;24.09.1998;
94189;1.16;;24.09.1998;
94199;1.15;;24.09.1998;
95001;2.97;;24.09.1998;
95004;1.82;;24.09.1998;
95011;2.34;;24.09.1998;
95014;1.53;;24.09.1998;
95041;1.9;;24.09.1998;
95044;1.3;;24.09.1998;
95051;1.49;;24.09.1998;
95054;1.18;;24.09.1998;
95500;3.21;;24.09.1998;
95600;3.88;;24.09.1998;
95800;3.77;;24.09.1998;
96401;3.5;;24.09.1998;
96411;3.04;;24.09.1998;
96501;2.44;;24.09.1998;
96511;2.35;;01.01.1993;
96601;1.28;;24.09.1998;
96701;1.28;;24.09.1998;
96811;1.26;;24.09.1998;
96841;1.25;;24.09.1998;
96901;1.28;;24.09.1998;
97001;1.74;;24.09.1998;
97101;1.59;;24.09.1998;
97201;1.41;;24.09.1998;
97311;1.2;;24.09.1998;
97313;1.2;;24.09.1998;
97341;1.18;;24.09.1998;
97343;1.18;;24.09.1998;
97411;1.2;;24.09.1998;
97413;1.2;;24.09.1998;
97441;1.18;;24.09.1998;
97443;1.18;;24.09.1998;
97541;1.18;;24.09.1998;
97543;1.18;;24.09.1998;
97641;1.18;;24.09.1998;
97643;1.18;;24.09.1998;
97769;1.15;;24.09.1998;
97789;1.15;;01.01.1993;
97869;1.15;;24.09.1998;
97889;1.15;;24.09.1998;

